0,TYR,384,MET,12,40.47849866405009,145.18096432525755,3.6063805262340236,4zk0
1,TYR,384,MET,12,51.49530936119984,139.55705893391863,3.958736414564629,4zk0
2,PHE,190,MET,213,37.558039263599674,142.44483297694308,4.107421879963156,4zk0
3,TYR,384,MET,12,48.94864919125847,158.32957369689115,4.114460626862286,4zk0
4,PHE,190,MET,213,48.30171669574546,138.72373794104197,4.285833991185385,4zk0
5,PHE,371,MET,243,147.48805370789438,39.11369944294638,4.390724712390879,4zk0
6,TRP,186,MET,243,33.07102165493255,142.35625224199597,4.4475085441177065,4zk0
7,TYR,119,MET,317,170.20098627044686,73.68485839953402,4.463448246591422,4zk0
8,PHE,190,MET,213,45.81345327489291,155.07677658540698,4.475379341463699,4zk0
9,TRP,186,MET,243,25.44599755959432,129.7828756519472,4.4968137608755825,4zk0
10,PHE,371,MET,243,147.24272457656775,48.20563184320444,4.585275482454677,4zk0
11,TYR,119,MET,317,160.6236431555097,88.49770950446216,4.633687678296848,4zk0
12,TYR,384,MET,12,62.835218757217596,146.37035238253034,4.723002567223524,4zk0
13,TYR,127,MET,40,136.94979016053367,66.10342032762786,4.758608646442779,4zk0
14,PHE,190,MET,213,61.250141891466775,146.19248975512986,4.797226307982562,4zk0
15,TYR,384,MET,12,60.82110421221261,168.22560529582773,4.8491045822914565,4zk0
16,TYR,119,MET,317,157.71203604895103,68.888356838823,4.861292677879006,4zk0
17,PHE,115,MET,317,109.2938454195465,33.79872292310789,4.8720846154392605,4zk0
0,TYR,41,MET,123,74.88552178834541,60.38745062597282,3.475782429899774,6jxq
1,TYR,41,MET,123,93.9066558935538,52.59145550664999,3.6773757286956665,6jxq
2,TYR,41,MET,123,65.7928215717633,77.40577669305611,3.944730662542118,6jxq
3,TRP,46,MET,123,21.445518914423317,130.8434824793874,3.9893532057214505,6jxq
4,TRP,46,MET,123,24.061206837271158,126.20927654943218,4.006183532989965,6jxq
5,TRP,46,MET,123,37.78668769133727,145.89903947140283,4.075992547834213,6jxq
6,TRP,46,MET,123,41.06750503917861,134.79909946183204,4.125660704662961,6jxq
7,TRP,46,MET,123,50.095620166256246,159.22891268703628,4.179943809430926,6jxq
8,TRP,46,MET,123,51.47805816389735,150.86612839423617,4.2159785044518445,6jxq
9,TYR,41,MET,123,99.31597918931148,63.72535777894162,4.299043905335237,6jxq
10,TRP,129,MET,123,157.90730536676898,48.978534408203615,4.376746565658107,6jxq
11,TRP,129,MET,123,144.62696105558604,35.63039474354762,4.423421921996579,6jxq
12,TYR,41,MET,123,75.08099261704902,83.49466494107193,4.532225639793324,6jxq
13,TYR,41,MET,123,89.87454252736036,77.19456782889291,4.6920110293988,6jxq
0,TYR,882,MET,810,22.4127637128238,114.92874354956002,3.408820250467895,5i6u
1,TYR,882,MET,810,29.274197657698377,95.17636840484505,3.5154349304175736,5i6u
2,TYR,882,MET,810,40.00325978547101,125.2139020217214,3.712510639715395,5i6u
3,PHE,648,MET,668,75.88044589638552,60.68477834297195,3.7233901554900193,5i6u
4,PHE,974,MET,793,41.63419221521365,71.42709662456991,3.870813674151724,5i6u
5,PHE,978,MET,793,57.44982560853101,162.11447097561512,3.9031342854172983,5i6u
6,TYR,882,MET,810,46.697300558288184,88.29334224432483,3.9177259347738955,5i6u
7,PHE,978,MET,793,46.67926454150113,155.93713010162074,3.9616915894602425,5i6u
8,PHE,908,MET,900,135.55367155529524,33.77588818870711,4.032435523353102,5i6u
9,PHE,648,MET,668,64.96547575807668,57.25003935730776,4.051246505706608,5i6u
10,TYR,882,MET,810,53.09542980149076,114.69712703292927,4.091583464870292,5i6u
11,TYR,624,MET,424,65.47332778793135,104.43524697967239,4.097791020781807,5i6u
12,TYR,882,MET,810,55.29581887820338,97.84465502352563,4.188968518621261,5i6u
13,TRP,760,MET,762,105.70611198717523,16.92147958156682,4.232398787921573,5i6u
14,TYR,624,MET,424,51.167519665353105,100.52692721799163,4.2402828325478525,5i6u
15,PHE,974,MET,793,27.614968162357943,82.64159949384324,4.377857152763211,5i6u
16,PHE,648,MET,668,90.33050778389658,53.21718952451257,4.386949965522743,5i6u
17,TYR,239,MET,276,61.758235673172344,132.46758017585717,4.515090530653839,5i6u
18,PHE,167,MET,285,91.82272078635933,87.24585621005437,4.524246042159952,5i6u
19,TRP,801,MET,797,107.24315453960119,38.19573561903459,4.580814201645816,5i6u
20,PHE,908,MET,900,125.34787964379048,38.47300282398732,4.592446924026449,5i6u
21,TYR,239,MET,276,55.296104711322045,145.03323616455066,4.616526345641272,5i6u
22,TRP,760,MET,762,96.33332951760394,31.591432745743862,4.625876727713354,5i6u
23,TRP,801,MET,810,166.32752948885374,74.55669576381179,4.650824711811874,5i6u
24,TRP,801,MET,810,172.99826091035737,77.3945348053972,4.6697476644889475,5i6u
25,PHE,908,MET,900,148.61604197607457,42.20158198780735,4.677765625808973,5i6u
26,PHE,974,MET,793,52.9273030559681,60.922240631125256,4.722193187492438,5i6u
27,TYR,624,MET,424,67.4431452430163,116.61387839600054,4.760468096731667,5i6u
28,PHE,751,MET,715,27.14798292302915,83.80300971962835,4.840818990625451,5i6u
29,TYR,239,MET,217,2.2381705111057197,111.68815002374619,4.865410928174513,5i6u
30,PHE,978,MET,793,66.5551771069068,167.37638837853697,4.866617434111705,5i6u
31,TYR,239,MET,276,75.91931947561633,130.6230604384823,4.866737433846208,5i6u
32,PHE,751,MET,715,35.19264030669611,74.32832811651727,4.873028755301983,5i6u
0,PHE,65,MET,93,73.22168068658642,36.44160068520838,4.072837248160058,4m7m
1,PHE,50,MET,93,81.67916745385725,86.36634079111607,4.347686309981437,4m7m
2,PHE,50,MET,93,94.18319699427533,73.07897333928652,4.3789817880415995,4m7m
3,TRP,109,MET,93,58.42246273461136,85.8006998743759,4.520929218645211,4m7m
4,PHE,50,MET,93,67.63757302010963,86.02302406305797,4.566280187417328,4m7m
5,PHE,65,MET,93,60.00878465225976,49.48363350903483,4.613205880946569,4m7m
6,PHE,50,MET,93,91.93573532285453,59.94867115164489,4.616659885674923,4m7m
7,PHE,50,MET,93,66.68006896496637,73.55141250815099,4.806099379954601,4m7m
8,PHE,50,MET,93,78.55262385615758,60.767275098640994,4.826599967886297,4m7m
0,TYR,57,MET,29,47.08945516536196,100.40972231480656,4.645829796710162,1n6j
0,PHE,350,MET,331,20.000617598154633,111.00856703345794,3.9558175830035407,5kqd
1,PHE,350,MET,331,36.414730555724354,114.3535761294668,4.129090214563001,5kqd
2,PHE,350,MET,331,13.70459794283581,120.340710841252,4.502226837910324,5kqd
3,TYR,161,MET,331,48.803307817400224,109.22186781841751,4.696017301927235,5kqd
4,PHE,350,MET,331,41.70940582437099,126.2568539815001,4.799147710791993,5kqd
0,PHE,32,MET,104,31.49676046468262,139.1692583839009,4.010596744874759,1ww6
1,PHE,32,MET,104,41.384413530140776,136.63419768312716,4.134777140306357,1ww6
0,PHE,180,MET,150,94.23941964574222,34.411242795624,3.8196573799229694,4j4r
1,TYR,143,MET,147,36.42531110542443,80.36608567119606,4.045558675881491,4j4r
2,TRP,176,MET,150,41.00669744122777,94.39893529200418,4.14569071446484,4j4r
3,TYR,143,MET,147,44.99093608325454,85.08269305690563,4.158608481210996,4j4r
4,PHE,152,MET,147,166.3329834178258,84.08598958232844,4.248468841829956,4j4r
5,PHE,180,MET,150,104.91677116075475,41.66518255311372,4.274810083500788,4j4r
6,PHE,152,MET,147,168.46815441442152,71.57304636550818,4.36275595237689,4j4r
7,PHE,180,MET,150,80.16649085821325,42.620807729819155,4.474653310592897,4j4r
8,TYR,143,MET,136,44.63772468189335,116.48647421040106,4.49117626574598,4j4r
9,TYR,143,MET,136,55.41771450982768,104.06797662462363,4.542661141885891,4j4r
10,PHE,152,MET,147,151.89246836199186,97.70028536802592,4.656337670315587,4j4r
11,TYR,143,MET,147,23.250113939833724,89.65159412988228,4.660060380510108,4j4r
12,TYR,143,MET,136,30.370969623525898,113.5550089775019,4.74417585045074,4j4r
13,TRP,176,MET,150,28.152727775119175,96.95067802606735,4.788231066897249,4j4r
14,TYR,143,MET,136,53.62466486682274,91.32453563829182,4.841480171393869,4j4r
15,TYR,143,MET,147,41.08823497899061,97.31524279342123,4.85728795213955,4j4r
16,PHE,152,MET,147,154.6946090835856,74.96868487115754,4.866701680810113,4j4r
17,TRP,176,MET,150,53.18506578518491,89.00843917799997,4.890525815288166,4j4r
0,PHE,86,MET,102,31.66009556075839,139.7082209028147,3.8038415450699308,4qo4
1,TYR,67,MET,62,64.69178923593908,58.24864595347662,3.912853977597427,4qo4
2,TYR,67,MET,62,81.98066171582703,48.48683472883932,4.033025229278886,4qo4
3,PHE,86,MET,102,46.03428030281373,146.7290248234453,4.217461440250522,4qo4
4,TYR,104,MET,50,148.7153342047939,39.29441493056089,4.262510146615492,4qo4
5,PHE,86,MET,102,34.162579524833525,142.20611741746794,4.306232111719011,4qo4
6,TYR,104,MET,50,141.41145805801355,36.52701111885107,4.312983943860675,4qo4
0,TYR,18,MET,120,82.62950091120986,57.92630512196762,3.631532355631711,3t12
1,TYR,18,MET,120,98.86038640462333,58.14284045948282,3.947573875179539,3t12
2,TYR,18,MET,120,68.52605716946603,73.74969719006575,3.96233980748749,3t12
3,PHE,101,MET,120,116.35657662865049,10.790523298971804,4.141878468762696,3t12
4,PHE,101,MET,120,104.48321932643017,21.15432165129104,4.310606772833729,3t12
5,PHE,101,MET,117,146.3155963329032,64.1037874170821,4.434087532965493,3t12
6,TYR,18,MET,120,98.57359968824674,71.99183540258556,4.52313190720766,3t12
7,TYR,18,MET,120,72.23255372542566,84.75160909697907,4.524386173836182,3t12
8,TYR,33,MET,44,56.81557683252001,71.04069718329754,4.700645328037421,3t12
9,PHE,101,MET,117,133.65294542843296,73.19354102449175,4.730174917484556,3t12
10,PHE,101,MET,117,159.6546464853927,70.44307525365952,4.761518717804228,3t12
11,TYR,18,MET,120,86.045240338302,83.41476816196122,4.780540084551117,3t12
12,TYR,33,MET,44,62.30195769229439,57.83684135236895,4.790203570830783,3t12
0,PHE,129,MET,132,64.79481267219212,151.06504677710487,4.39615075947129,5hso
0,PHE,150,MET,234,98.10949041601171,22.70799661648021,4.211808875055939,2a0l
1,PHE,150,MET,234,83.93868940364034,28.858968215236725,4.474078061455783,2a0l
2,PHE,150,MET,234,99.99423538885605,34.50272018007896,4.721622125922399,2a0l
0,TYR,824,MET,828,44.56142236186732,111.16155552175988,3.781957198329986,5l6o
1,PHE,777,MET,686,39.13455627913074,126.8713457213955,3.970833602658263,5l6o
2,TYR,824,MET,828,48.327421204310916,128.00256324833455,4.048384554362397,5l6o
3,TYR,748,MET,752,60.630350285358595,170.03038928532004,4.083658959805532,5l6o
4,TRP,875,MET,871,90.21922726502885,46.91275810753069,4.2447072337206,5l6o
5,TRP,875,MET,871,74.04101237326553,57.36093645208012,4.304979384387339,5l6o
6,TYR,839,MET,842,117.93313180974243,24.968475800358696,4.3416012023215576,5l6o
7,TYR,748,MET,752,57.74701556474102,160.11508913552302,4.347244702107301,5l6o
8,PHE,777,MET,686,24.214008768913104,124.3139512307813,4.432547969283581,5l6o
9,TYR,748,MET,752,74.8008534208296,172.96508766285964,4.549006842157968,5l6o
10,TYR,839,MET,842,106.39992834427883,34.201430569264026,4.659549710004174,5l6o
11,TYR,824,MET,828,52.29200601086559,101.37189006611713,4.663676473556028,5l6o
12,TYR,855,MET,842,52.38670830076638,62.03075652226556,4.687053472065366,5l6o
13,TYR,855,MET,842,57.75964147625019,65.80873271986458,4.699503431214834,5l6o
14,PHE,777,MET,686,48.97803429793663,126.5439624430662,4.8920912450607466,5l6o
0,TYR,142,MET,332,92.46862366130337,156.41147761399503,4.57210569650354,4boy
1,TRP,20,MET,17,37.82483961103104,124.4709792598342,4.599626642456975,4boy
2,PHE,9,MET,17,141.77254502663445,54.46519200420021,4.765277956216194,4boy
3,TYR,142,MET,332,79.11848385665141,164.75621624232033,4.86284243010197,4boy
0,PHE,132,MET,176,55.322748535255,65.24628540394082,4.036147017887232,3jq6
1,PHE,132,MET,176,56.21355841292286,56.41755711908547,4.440001013513397,3jq6
2,PHE,132,MET,176,66.78320484272608,62.96208169764076,4.626488382131746,3jq6
0,PHE,28,MET,31,116.13069173423315,32.26618831715453,4.544021044185429,5hk5
1,PHE,28,MET,31,123.80716241309248,23.058519778979875,4.860191920078874,5hk5
0,TRP,97,MET,241,69.05036344667026,63.21777908694393,3.5346929852534568,5dsk
1,TRP,97,MET,241,76.2128199251402,48.11430511730644,4.152820999031862,5dsk
2,TRP,97,MET,241,72.05563252610676,73.47794616120052,4.224908845170508,5dsk
3,PHE,231,MET,241,146.33793493789145,102.43047406390728,4.74584987120326,5dsk
0,PHE,647,MET,658,151.0667846711112,47.799169744118196,3.8165410059371836,4bwm
1,PHE,647,MET,658,164.41532789168005,54.95323767643706,3.9495924789780528,4bwm
2,PHE,647,MET,646,56.64897774375747,110.59201005412875,4.25994102071848,4bwm
3,PHE,647,MET,658,146.86108752587995,59.27686913340633,4.290773531660697,4bwm
4,TYR,611,MET,761,139.63989337128282,51.76907527681775,4.294531930257358,4bwm
5,PHE,647,MET,658,178.0791927632962,69.30984149842814,4.524208024616023,4bwm
6,PHE,692,MET,646,149.9373137832378,41.488213646406436,4.532017900450084,4bwm
7,PHE,647,MET,646,49.25924910126273,100.05322323338477,4.6539078740344655,4bwm
8,PHE,692,MET,646,138.18310980139964,36.50846396564371,4.716875740360349,4bwm
9,TYR,611,MET,761,134.6529680046724,37.82898777244957,4.759827649190676,4bwm
10,PHE,647,MET,658,153.16763638740935,71.53806551425023,4.827837248706712,4bwm
0,TYR,378,MET,382,145.5697896829946,50.52533145798059,4.031142703998459,1yoj
1,TYR,465,MET,468,6.741476258546233,102.76995503807579,4.245663110751959,1yoj
2,TRP,501,MET,497,96.65828550206074,41.65374085772538,4.36165799897241,1yoj
3,TYR,465,MET,483,166.01948990370562,63.27572952243669,4.37829330333179,1yoj
4,TYR,378,MET,382,130.26939240903206,49.67499993774553,4.3902251935407595,1yoj
5,PHE,351,MET,368,81.09368174186056,41.1208662938882,4.4189094525685855,1yoj
6,TRP,501,MET,497,81.06968471509262,51.596989029351604,4.425141155940679,1yoj
7,TYR,465,MET,483,165.02889256759175,79.16494373789864,4.441321903442714,1yoj
8,TYR,465,MET,483,165.36690847130578,56.139836001679534,4.477345251373854,1yoj
9,TYR,378,MET,382,155.5443792274282,64.5051641556886,4.486003371599269,1yoj
10,TYR,465,MET,483,163.50036068723432,87.01852653372784,4.591079121513808,1yoj
11,TYR,465,MET,483,164.05214053973157,65.98335190734902,4.626413540746223,1yoj
12,TYR,481,MET,468,61.78320232134207,93.99523241852002,4.634350574783916,1yoj
13,TYR,465,MET,483,162.99367415400897,80.64200651891234,4.680983256752795,1yoj
14,TYR,481,MET,468,64.6529542283086,106.95803651929167,4.692528636034095,1yoj
15,TYR,465,MET,468,17.928648862166984,96.26168995458274,4.699513086480344,1yoj
16,TYR,342,MET,285,149.08165452016007,84.15236142422948,4.856790941558017,1yoj
17,TYR,342,MET,285,135.28980088562403,94.14123203684409,4.887813059027525,1yoj
0,PHE,182,MET,169,53.01734579411141,63.09500649327165,3.8056281019038116,3q8n
1,PHE,182,MET,169,60.85100987628844,49.73109084268389,4.036849638022208,3q8n
2,PHE,185,MET,169,40.05766899352586,148.61945146833352,4.312174335529582,3q8n
3,PHE,185,MET,169,55.05447886914207,161.85429580917352,4.534496278529733,3q8n
4,PHE,69,MET,429,63.3000852695686,146.80134593982044,4.553485423277429,3q8n
5,PHE,182,MET,169,56.99887352029671,65.55305068831011,4.756902064369205,3q8n
6,PHE,69,MET,429,53.158356794325826,153.18887890678448,4.8281675095216015,3q8n
7,PHE,423,MET,356,15.619075336220734,101.77034935297664,4.8871415469576895,3q8n
0,TRP,614,MET,609,29.701443887143967,138.9808672858917,3.758096226814851,1sly
1,TYR,422,MET,385,25.461558335903334,134.22809917556543,3.801524891408707,1sly
2,TRP,307,MET,280,59.57821437596782,54.96437206840938,3.9226046512489643,1sly
3,TYR,536,MET,508,89.67104751221014,36.8256422342378,3.9558312969589653,1sly
4,PHE,213,MET,217,143.6374705067964,46.65003802570932,4.008554196964292,1sly
5,TYR,536,MET,508,82.38304421743047,53.59952423443518,4.0573553270572695,1sly
6,TRP,614,MET,609,19.663669674044343,124.10010311102496,4.102514899424499,1sly
7,TYR,536,MET,508,80.62841899103346,33.735665346199426,4.116194024824389,1sly
8,TRP,17,MET,29,14.088089683207361,96.08783404475031,4.12326900044127,1sly
9,TRP,428,MET,385,40.167983561436365,69.64438556366034,4.2167339553260845,1sly
10,TRP,307,MET,280,45.66688848877682,64.94845219538306,4.259004285041284,1sly
11,TYR,422,MET,385,29.633112694286773,136.56703873597277,4.3039575102456595,1sly
12,TYR,536,MET,508,66.68176432232278,63.78372449328932,4.310912287439869,1sly
13,TYR,364,MET,354,160.38380089182164,64.20957988406583,4.3193246578603,1sly
14,TRP,307,MET,280,73.75788777697608,39.328665709129424,4.330062066529763,1sly
15,PHE,213,MET,217,128.09755120652363,43.914132771546214,4.330279061446282,1sly
16,TYR,536,MET,508,64.96295599799798,48.02678062257583,4.358547952013378,1sly
17,TRP,404,MET,385,83.48832601142647,71.82714167518543,4.380114781601049,1sly
18,PHE,509,MET,508,46.45690453351035,85.61547322974555,4.391864666630792,1sly
19,PHE,457,MET,472,74.37739579381893,160.89933015132297,4.418627671574062,1sly
20,TYR,536,MET,508,57.915437163058954,61.060830189280956,4.4536010991107,1sly
21,TRP,404,MET,385,95.21987171749888,57.557697482151376,4.468921346365361,1sly
22,TRP,17,MET,29,14.89937958677751,98.72278899159866,4.485653937833364,1sly
23,PHE,213,MET,217,153.03556887651578,60.82836467736861,4.512590525407778,1sly
24,TYR,364,MET,354,165.80037199086283,77.37276863453495,4.627586276883448,1sly
25,TYR,422,MET,385,32.13818840717275,134.90601140691055,4.648360813232982,1sly
26,PHE,457,MET,495,15.734846541988905,124.3336116799863,4.665157500020765,1sly
27,TYR,364,MET,354,145.82591860707862,63.97145762803396,4.68429399696475,1sly
28,PHE,457,MET,472,86.96889206478669,159.71296127080242,4.736363399275863,1sly
29,TRP,428,MET,385,42.90840351692538,67.57841269471203,4.737841412499998,1sly
30,TYR,598,MET,472,145.70427437845095,38.590730320870726,4.763233303125095,1sly
31,TRP,614,MET,609,36.54371329006519,145.76979540100163,4.768126414012113,1sly
32,TYR,598,MET,472,150.0324738788279,51.055842600986026,4.788913994842672,1sly
33,PHE,457,MET,472,74.0822224313516,147.65886003740488,4.868191373600673,1sly
0,PHE,202,MET,231,61.248104479961796,67.24802073110358,4.1047870224897185,1ccb
1,PHE,202,MET,231,75.72839834159511,65.98591971612973,4.136876901721879,1ccb
2,TRP,191,MET,230,29.822248944923068,81.26721407008853,4.178526923450421,1ccb
3,TRP,191,MET,230,31.823588558838768,78.26673921417661,4.2952229860625355,1ccb
4,TRP,211,MET,231,106.2141817131083,143.37349798425583,4.7423940684004755,1ccb
0,PHE,102,MET,38,38.26803764826349,135.24270158389422,4.1269860673377625,3h0k
1,PHE,102,MET,38,40.425512508059725,146.12525744453632,4.782596000081965,3h0k
2,PHE,102,MET,38,35.82957512798407,123.23406102598841,4.861471870740385,3h0k
0,PHE,44,MET,33,37.852400977733346,96.92027377383795,3.5786207538659363,6dbp
1,PHE,44,MET,33,35.8439030080454,116.04681901862915,3.650864383950738,6dbp
2,PHE,49,MET,3,54.956917910571846,82.37785298222025,4.261279297347218,6dbp
3,PHE,46,MET,33,37.48273511782247,81.28421418457634,4.419884868410036,6dbp
4,PHE,49,MET,3,58.534566808561145,67.9395555410373,4.45201024819126,6dbp
5,PHE,44,MET,33,49.01166967595759,89.54980344670669,4.463797710470311,6dbp
6,PHE,44,MET,33,46.09769534936532,120.30478035040214,4.5724454343381735,6dbp
7,PHE,46,MET,33,52.56762674910322,70.36409048409467,4.586580016744502,6dbp
8,PHE,46,MET,31,48.772065031401745,97.17142847174875,4.760746921439954,6dbp
0,TYR,307,MET,289,132.4042851556667,36.438263267283,3.6887690697575497,3f1n
1,TYR,307,MET,289,149.81811294981392,45.04170441693775,3.9420939549939673,3f1n
2,TYR,307,MET,289,124.46409256037025,49.334820570361245,3.987186006446149,3f1n
3,TYR,307,MET,289,156.95517538695907,59.97734067619505,4.439396890344454,3f1n
4,TYR,307,MET,289,131.1128252984848,62.778276073411966,4.459667252161311,3f1n
5,TYR,307,MET,289,145.39699908283373,66.70904493412218,4.666610707997828,3f1n
6,PHE,244,MET,309,62.691384599217805,59.513982101170676,4.6779830589689,3f1n
7,PHE,244,MET,309,66.50832159806964,48.159578200148665,4.795289641929879,3f1n
0,PHE,8,MET,95,94.49572889049988,53.70355808984403,3.6707217273991204,4pja
1,TRP,49,MET,50,86.97570664833009,57.572902973773154,3.748231082790918,4pja
2,PHE,168,MET,50,78.34723588124031,50.114935383544946,3.8756302068179798,4pja
3,PHE,168,MET,50,70.99639265808656,67.73715439411767,3.8965267867679296,4pja
4,TRP,49,MET,50,102.59363847559989,45.24426636006904,4.07622846513784,4pja
5,PHE,8,MET,95,109.48937922891288,55.06908262082718,4.172564589074704,4pja
6,PHE,8,MET,95,80.79926036239176,66.72477165630819,4.174867572750068,4pja
7,PHE,109,MET,95,64.24354728013711,165.66786134073217,4.225145825885775,4pja
8,PHE,168,MET,50,94.10940881926719,41.193909458111506,4.289388388803233,4pja
9,PHE,168,MET,50,81.22286601915269,73.69144541435006,4.321844542553564,4pja
10,TRP,49,MET,50,83.59047006540756,70.8211962338806,4.4724589433554165,4pja
11,PHE,109,MET,95,49.72051940956736,157.5319291666425,4.609203483249574,4pja
12,PHE,168,MET,50,101.35165978688225,50.79483860922697,4.666824562804999,4pja
13,PHE,168,MET,50,95.36637683280819,65.44745297204018,4.680401905819621,4pja
14,TYR,171,MET,50,19.34324230748774,92.233310104411,4.877396257225775,4pja
0,PHE,230,MET,35,107.85051364239295,31.835368976581492,4.041846143781328,2ba2
1,PHE,38,MET,35,21.33717460535496,94.32400487487774,4.112887610912798,2ba2
2,PHE,230,MET,35,120.873353320423,24.184194835705043,4.366483052755386,2ba2
3,PHE,38,MET,35,15.807165205303011,109.49677481193137,4.525226099323655,2ba2
0,PHE,171,MET,149,144.25355367425877,105.31750514569318,4.536737511692735,4pfa
1,PHE,171,MET,149,156.9368621775316,91.23839757634029,4.845478536739172,4pfa
0,PHE,408,MET,344,48.04820223732369,120.05124754029109,4.55000181318646,4zlo
1,TYR,330,MET,319,36.864169696475656,90.24825307294125,4.82376072167764,4zlo
2,PHE,408,MET,344,46.4274313554549,133.88000823740663,4.85203024516542,4zlo
0,PHE,50,MET,45,26.35320206985991,134.9830773676097,4.177117008176813,3ix9
1,PHE,50,MET,45,31.88652312277173,139.35349233409153,4.5197569901489185,3ix9
0,TYR,123,MET,57,36.32577294329607,94.0368673034401,4.345139151972006,5azh
1,PHE,62,MET,57,118.17878342592309,42.95397146598993,4.5412518648496025,5azh
2,TYR,123,MET,57,26.628522481551983,90.47773881235015,4.586356424221737,5azh
